{
  "name": "swiper",
  "repository": {
    "type": "git",
    "url": "https://github.com/nolimits4web/Swiper.git"
  },
  "description": "Most modern mobile touch slider and framework with hardware accelerated transitions",
  "version": "4.4.6",
  "author": "Vladimir Kharlampidi",
  "homepage": "http://www.idangero.us/swiper/",
  "keywords": [
    "swiper",
    "swipe",
    "slider",
    "touch",
    "ios",
    "mobile",
    "cordova",
    "phonegap",
    "app",
    "framework",
    "carousel",
    "gallery"
  ],
  "dependencies": {},
  "scripts": [
    "dist/js/swiper.js"
  ],
  "main": [
    "dist/js/swiper.js",
    "dist/css/swiper.css"
  ],
  "styles": [
    "dist/css/swiper.css"
  ],
  "license": [
    "MIT"
  ],
  "ignore": [
    ".*",
    "demos",
    "gulpfile",
    "build",
    "node_modules",
    "playground",
    "package.json"
  ],
  "_release": "4.4.6",
  "_resolution": {
    "type": "version",
    "tag": "v4.4.6",
    "commit": "c6f92692d2643d41cf14638638b991b5cd41d1e2"
  },
  "_source": "https://github.com/nolimits4web/Swiper.git",
  "_target": "^4.4.6",
  "_originalSource": "swiper",
  "_direct": true
}