{
  "name": "jquery.kladr",
  "version": "2.2.2",
  "main": "jquery.kladr.min.js",
  "homepage": "https://github.com/garakh/kladrapi-jsclient",
  "authors": [
    {
      "name": "Alexandr Yakovlev",
      "email": "xescoder@gmail.com",
      "homepage": "https://www.linkedin.com/in/xescoder"
    }
  ],
  "license": "Public Domain",
  "description": "jQuery Kladr",
  "keywords": [
    "kladr",
    "jquery"
  ],
  "ignore": [
    "gulpfile.js",
    "package.json",
    "*.md"
  ],
  "dependencies": {
    "jquery": ">=1.6"
  },
  "_release": "2.2.2",
  "_resolution": {
    "type": "version",
    "tag": "2.2.2",
    "commit": "f0f2dc320f461a837645df46c31e0bbce6b52e5a"
  },
  "_source": "https://github.com/garakh/kladrapi-jsclient.git",
  "_target": "^2.2.2",
  "_originalSource": "jquery.kladr",
  "_direct": true
}